{"count":1,"gauges":{},"self":13.419912,"total":14.018992899999999,"children":{"AgentResetIfDone":{"count":686,"self":0.0099911999999999987,"total":0.0099911999999999987,"children":null},"AgentSendState":{"count":686,"self":0.0210021,"total":0.0330058,"children":{"CollectObservations":{"count":1376,"self":0.012003699999999999,"total":0.012003699999999999,"children":null}}},"DecideAction":{"count":686,"self":0.5070738,"total":0.5070738,"children":null},"AcademyStep":{"count":686,"self":0.0080027,"total":0.0080027,"children":null},"AgentAct":{"count":686,"self":0.0390063,"total":0.0390063,"children":null}}}