{"count":1,"gauges":{},"self":43.2652192,"total":43.4182509,"children":{"AgentResetIfDone":{"count":2146,"self":0.032993499999999995,"total":0.032993499999999995,"children":null},"AgentSendState":{"count":2146,"self":0.0190068,"total":0.0250092,"children":{"CollectObservations":{"count":537,"self":0.0060024,"total":0.0060024,"children":null}}},"DecideAction":{"count":2146,"self":0.0220074,"total":0.0220074,"children":null},"AcademyStep":{"count":2146,"self":0.013003599999999999,"total":0.013003599999999999,"children":null},"AgentAct":{"count":2146,"self":0.0590181,"total":0.0590181,"children":null}}}